JulenDeusto,Julen,Julen,12345678P,juem@gmail.com,+34,1234567,bilbaoNO,BilbaoNO,vitoria,69,01/06/2005,11/11/2024
aimi,aimonzas,aiaiaiai,24242424E,aimi@mimi.c,+34,42424242,a,a,a,2,12/12/1212,10/11/2024
amartinez,Ana,Mártinez López,12345678Z,ana.martinez92@yahoo.com,+34,555654321,Madrid,Madrid,Avenida del Sol,45,15/04/1992,09/11/2024
avega,Antonio,Vega Moreno,23456789B,a.vega94@hotmail.com,+34,555678432,Barcelona,Barcelona,Calle Espejo,19,23/06/1994,09/11/2024
cdelgado,Clara,Delgado Peña,34567890C,clara_delgado.peña@mail.com,+34,555789543,Valencia,Valencia,Calle de la Fuente,50,11/07/1990,09/11/2024
cesi,cesarin,cee,24242422M,cece@si.c,+34,2424242424,laredo,laredo,laredo,01,20/02/3000,10/11/2024
cperalta,Carlos,Peralta García,45678901D,c.peralta@gmail.com,+34,555123456,Sevilla,Sevilla,Calle Mayor,12,05/12/1988,09/11/2024
cruiz,Carmen,Ruiz Medin,56789012J,carmen.ruiz77@aoeu,+34,555567321,Málaga,Málaga,Avenida Central,77,19/03/1977,09/11/2024
deiv,daves,deivs,11111111V,dei@v.i,+34,0022002,d,d,Calle,99,12/12/9999,10/11/2024
dsantos,David,Santos Gallego,67890123F,david.santos45@gmail.com,+34,555890654,Granada,Granada,Paseo del Mar,15,02/02/1995,09/11/2024
esuarez,Elena,Suárez Navarro,78901234G,elena.snav@gmail.com,+34,555456789,Zaragoza,Zaragoza,Avenida América,56,30/09/1996,09/11/2024
ilopez,Isabel,López Castro,89012345E,isabel_lopez123@yahoo.com,+34,555123987,Alicante,Alicante,Avenida de la Paz,65,12/11/1993,09/11/2024
jcastillo,José,Castillo Ortiz,01234567J,jose_castillo.ortiz@gmail.com,+34,555456210,Murcia,Murcia,Calle Jardines,5,22/12/1992,09/11/2024
jgonzalez,Juan,González Ramírez,90123456I,j.gonzalez23@hotmail.com,+34,555789123,Toledo,Toledo,Calle Real,89,18/05/1995,09/11/2024
lfernandez,Luis,Fernández Santos,12345678K,luis_fernandez88@outlook.com,+34,555345678,Valladolid,Valladolid,Calle Luna,7,09/01/1988,09/11/2024
lmartin,Lucía,Martín Molina,23456789L,lucia_martin.molina@example.com,+34,555890123,Madrid,Madrid,Plaza Mayor,18,20/08/1990,09/11/2024
lsantana,Laura,Santana Ruiz,34567890M,laura.santana@mail.com,+34,555345109,Valencia,Valencia,Calle Prado,42,14/01/1992,09/11/2024
luritur,Lur,Itur,22222222M,lur.iturbide@opendeusto.es,+34,666666666,Bizkaia,Bilbao,Busturia,64,16/04/2005,11/11/2024
morteaga,Miguel,Ortega Jiménez,45678901N,miguel.orta.jimenez@gmail.com,+34,555567890,Granada,Granada,Calle Río,33,05/11/1994,09/11/2024
mrodriguez,María,Rodríguez Domínguez,56789012O,maria.rodri.d@example.com,+34,555234567,Bilbao,Bilbao,Paseo del Prado,21,02/07/1996,09/11/2024
pherrera,Paula,Herrera Blanco,01234567T,paula.herrera22@gmail.com,+34,555901765,Cádiz,Cádiz,Calle Nueva,22,25/03/1995,09/11/2024
pmorales,Pedro,Morales Rivas,67890123P,p.morales88@outlook.com,+34,555234098,León,León,Paseo del Río,88,17/05/1990,09/11/2024
pramos,Pablo,Ramos Gómez,78901234Q,pablo.ramos_g@gmail.com,+34,555901234,Salamanca,Salamanca,Calle Azul,14,04/09/1989,09/11/2024
rdiaz,Raúl,Díaz Flores,89012345R,raul.diaz_f@gmail.com,+34,555789012,Madrid,Madrid,Calle Verde,16,01/12/1991,09/11/2024
sgarcia,Sofía,García Hernández,90123456S,sofia.hernandez@mail.com,+34,555678901,Barcelona,Barcelona,Paseo de Gracia,29,09/11/1990,09/11/2024
